step,train_loss,val_loss,lr
0,,9.656510,
0,9.689075,,3.000000e-06
10,6.102821,,3.300000e-05
20,5.610850,,6.300000e-05
30,4.978619,,9.300000e-05
40,4.597683,,1.230000e-04
50,4.245075,,1.530000e-04
60,3.908762,,1.830000e-04
70,3.700424,,2.130000e-04
80,3.565402,,2.430000e-04
90,3.487464,,2.730000e-04
100,3.328457,,3.000000e-04
110,3.257049,,2.999815e-04
0,,9.731248,
0,9.754180,,3.000000e-06
0,,9.670518,
0,9.697924,,3.000000e-06
10,6.201705,,3.300000e-05
20,5.649462,,6.300000e-05
30,4.968544,,9.300000e-05
40,4.629527,,1.230000e-04
50,4.172250,,1.530000e-04
60,3.816137,,1.830000e-04
70,3.739602,,2.130000e-04
80,3.533408,,2.430000e-04
90,3.449767,,2.730000e-04
100,3.390471,,3.000000e-04
110,3.251245,,2.999815e-04
120,3.182625,,2.999262e-04
130,3.001810,,2.998339e-04
140,2.931818,,2.997048e-04
150,2.883698,,2.995389e-04
160,2.688262,,2.993362e-04
170,2.703605,,2.990968e-04
180,2.601957,,2.988206e-04
190,2.461533,,2.985080e-04
200,2.470106,,2.981588e-04
200,,2.786215,
210,2.504360,,2.977732e-04
220,2.567152,,2.973513e-04
230,2.535731,,2.968932e-04
240,2.490883,,2.963991e-04
250,2.338779,,2.958690e-04
260,2.387771,,2.953032e-04
270,2.354379,,2.947017e-04
280,2.255768,,2.940648e-04
290,2.228324,,2.933926e-04
300,2.259185,,2.926853e-04
310,2.269897,,2.919431e-04
320,2.280517,,2.911662e-04
330,2.124843,,2.903548e-04
340,2.283829,,2.895091e-04
350,2.217051,,2.886294e-04
360,2.069483,,2.877159e-04
370,2.061933,,2.867688e-04
380,2.192903,,2.857885e-04
390,2.176141,,2.847751e-04
400,2.164300,,2.837290e-04
400,,2.440442,
410,2.067129,,2.826504e-04
420,2.058493,,2.815396e-04
430,2.162184,,2.803970e-04
440,2.141427,,2.792229e-04
450,2.017635,,2.780175e-04
460,2.168801,,2.767812e-04
470,2.035353,,2.755143e-04
480,2.033385,,2.742173e-04
490,2.027109,,2.728904e-04
500,2.044241,,2.715340e-04
510,2.078607,,2.701484e-04
520,2.053474,,2.687341e-04
530,1.967953,,2.672915e-04
540,1.992921,,2.658209e-04
550,1.921069,,2.643227e-04
560,1.977289,,2.627974e-04
570,1.912478,,2.612453e-04
580,1.932832,,2.596670e-04
590,1.992460,,2.580627e-04
600,1.866631,,2.564330e-04
600,,2.304268,
610,2.047336,,2.547783e-04
620,1.875090,,2.530991e-04
630,1.927973,,2.513958e-04
640,2.013682,,2.496688e-04
650,1.878958,,2.479187e-04
660,1.895575,,2.461460e-04
670,2.021525,,2.443510e-04
680,1.852751,,2.425344e-04
690,1.840067,,2.406965e-04
700,1.839823,,2.388380e-04
710,1.929836,,2.369593e-04
720,1.846913,,2.350609e-04
730,1.845725,,2.331433e-04
740,1.863783,,2.312072e-04
750,1.906421,,2.292529e-04
760,1.903964,,2.272811e-04
770,1.831346,,2.252922e-04
780,1.810800,,2.232868e-04
790,1.883978,,2.212656e-04
800,1.855011,,2.192289e-04
800,,2.192123,
810,1.815570,,2.171774e-04
820,1.843118,,2.151116e-04
830,1.866508,,2.130322e-04
840,1.901885,,2.109396e-04
850,1.742074,,2.088344e-04
860,1.839732,,2.067173e-04
870,1.837328,,2.045888e-04
880,1.699068,,2.024494e-04
890,1.740381,,2.002998e-04
900,1.807178,,1.981405e-04
910,1.724616,,1.959722e-04
920,1.929607,,1.937955e-04
930,1.766506,,1.916108e-04
940,1.752471,,1.894189e-04
950,1.855088,,1.872203e-04
960,1.749359,,1.850156e-04
970,1.840259,,1.828054e-04
980,1.686668,,1.805904e-04
990,1.801158,,1.783711e-04
1000,1.760378,,1.761482e-04
1000,,2.143648,
1010,1.725802,,1.739222e-04
1020,1.763118,,1.716938e-04
1030,1.771762,,1.694636e-04
1040,1.737506,,1.672321e-04
1050,1.726358,,1.650000e-04
1060,1.820650,,1.627679e-04
1070,1.578901,,1.605364e-04
1080,1.700593,,1.583062e-04
1090,1.655371,,1.560778e-04
1100,1.713547,,1.538518e-04
1110,1.826230,,1.516289e-04
1120,1.807390,,1.494096e-04
1130,1.741805,,1.471946e-04
1140,1.672055,,1.449844e-04
1150,1.665550,,1.427797e-04
1160,1.713459,,1.405811e-04
1170,1.786073,,1.383892e-04
1180,1.723412,,1.362045e-04
1190,1.606367,,1.340278e-04
1200,1.660223,,1.318595e-04
1200,,2.086138,
1210,1.636062,,1.297002e-04
1220,1.628354,,1.275506e-04
1230,1.629622,,1.254112e-04
1240,1.658951,,1.232827e-04
1250,1.677927,,1.211656e-04
1260,1.738114,,1.190604e-04
1270,1.655436,,1.169678e-04
1280,1.722717,,1.148884e-04
1290,1.754455,,1.128226e-04
1300,1.719414,,1.107711e-04
1310,1.674845,,1.087344e-04
1320,1.616994,,1.067132e-04
1330,1.714178,,1.047078e-04
1340,1.623459,,1.027189e-04
1350,1.602018,,1.007471e-04
1360,1.680820,,9.879283e-05
1370,1.610840,,9.685665e-05
1380,1.729161,,9.493911e-05
1390,1.814095,,9.304072e-05
1400,1.738852,,9.116200e-05
1400,,2.058517,
1410,1.624417,,8.930347e-05
1420,1.696357,,8.746563e-05
1430,1.709656,,8.564899e-05
1440,1.770254,,8.385405e-05
1450,1.571938,,8.208128e-05
1460,1.599774,,8.033119e-05
1470,1.693128,,7.860425e-05
1480,1.664383,,7.690092e-05
1490,1.674997,,7.522168e-05
1500,1.641831,,7.356699e-05
1510,1.710693,,7.193729e-05
1520,1.604090,,7.033303e-05
1530,1.654599,,6.875466e-05
1540,1.617837,,6.720260e-05
1550,1.699568,,6.567727e-05
1560,1.626156,,6.417910e-05
1570,1.625870,,6.270849e-05
1580,1.668455,,6.126585e-05
1590,1.491309,,5.985157e-05
1600,1.610883,,5.846603e-05
1600,,2.031287,
1610,1.591946,,5.710962e-05
1620,1.630233,,5.578271e-05
1630,1.697361,,5.448565e-05
1640,1.613045,,5.321881e-05
1650,1.651743,,5.198253e-05
1660,1.653548,,5.077714e-05
1670,1.592248,,4.960298e-05
1680,1.589172,,4.846038e-05
1690,1.684277,,4.734963e-05
1700,1.615204,,4.627104e-05
1710,1.538276,,4.522492e-05
1720,1.578841,,4.421154e-05
1730,1.674174,,4.323118e-05
1740,1.661201,,4.228412e-05
1750,1.602592,,4.137060e-05
1760,1.625558,,4.049088e-05
1770,1.560098,,3.964520e-05
1780,1.582058,,3.883380e-05
1790,1.665293,,3.805688e-05
1800,1.645434,,3.731467e-05
1800,,2.020610,
1810,1.509471,,3.660737e-05
1820,1.597043,,3.593517e-05
1830,1.673136,,3.529825e-05
1840,1.573025,,3.469680e-05
1850,1.605266,,3.413096e-05
1860,1.569048,,3.360091e-05
1870,1.658990,,3.310678e-05
1880,1.520874,,3.264870e-05
1890,1.650204,,3.222681e-05
1900,1.588958,,3.184122e-05
1910,1.636428,,3.149204e-05
1920,1.584929,,3.117935e-05
1930,1.615883,,3.090325e-05
1940,1.579102,,3.066381e-05
1950,1.591136,,3.046109e-05
1960,1.482326,,3.029516e-05
1970,1.699002,,3.016605e-05
1980,1.648602,,3.007381e-05
1990,1.685055,,3.001845e-05
2000,,2.025916,
